<filetype binary="false" description="Etch - Fetch.AI VM Language" name="Etch">
  <highlighting>
    <options>
      <option name="LINE_COMMENT" value="//" />
      <option name="COMMENT_START" value="/*" />
      <option name="COMMENT_END" value="*/" />
      <option name="HEX_PREFIX" value="" />
      <option name="NUM_POSTFIXES" value="" />
      <option name="HAS_BRACES" value="true" />
      <option name="HAS_BRACKETS" value="true" />
      <option name="HAS_PARENS" value="true" />
    </options>
    <keywords keywords="endfunction;function" ignore_case="false" />
    <keywords2 keywords="@describe;@param" />
    <keywords3 />
    <keywords4 />
  </highlighting>
  <extensionMap>
    <mapping ext="fetch" />
    <mapping ext="etch" />
  </extensionMap>
</filetype>